{
  "mini": {
    "totalParams": 1418,
    "accuracy": 0.9603999853134155,
    "loss": 0.12804408371448517
  }
}